,Index,Number_vehicles_in_household,Concern_environmental_impacts,Would_subscribe_car_sharing_if_available_new,Education_DNA,Income_level_DNA,Profession_DNA,Age_DNA,Considering_electric_or_hybrid_vehicle_next_purchase_DNA,Concern_environmental_impacts_DNA,Country_DNA,sha_ind,sha_ind_norm
count,1000.0,1000.0,1000.0,1000.0,1000.0,1000.0,1000.0,1000.0,1000.0,1000.0,1000.0,1000.0,1000.0
mean,2391.454,1.251,6.818,1.048,0.21162766050012397,0.21078549839465782,0.21072744447763736,0.21538053399972648,0.22333062881863233,0.21835700013750844,0.24120609829054182,0.21877355208840404,0.5529066838441192
std,1392.3015677429728,0.9081981192580305,2.355084376922072,0.7198709705316739,0.017258850231612256,0.02344629395270446,0.02471512106043683,0.02331877303768771,0.08407290464676263,0.0575698344390018,0.06849279869541654,0.022247490965069647,0.1422092410047831
min,2.0,0.0,0.0,0.0,0.1596180081855388,0.1823809523809524,0.1685082872928177,0.1833333333333333,0.0925449871465295,0.1148775894538606,0.091792656587473,0.1530804905528418,0.1329869528991442
25%,1144.75,1.0,5.0,1.0,0.2069787234042553,0.1964838027022627,0.1921047488762947,0.1924233313289236,0.1444071809035312,0.1648418491484184,0.1876355748373102,0.20375174618116662,0.45688508662475363
50%,2417.5,1.0,7.0,1.0,0.2069787234042553,0.2103583345422892,0.2050105857445307,0.2217081850533807,0.2027115108851518,0.1982758620689655,0.254071661237785,0.21865234792822247,0.5521319289896007
75%,3632.25,2.0,8.0,2.0,0.2290959252971137,0.2103583345422892,0.2343283582089552,0.2346829640947288,0.2870708546384222,0.2356572258533043,0.2813807531380753,0.2337245230002818,0.6484754933337364
max,4692.0,7.0,10.0,2.0,0.2290959252971137,0.3636363636363636,0.2731152204836415,0.2575757575757575,0.3650434126085315,0.3167848699763593,0.3599585062240664,0.2851265298069377,0.9770446962867468
